image_id,class
012000.png,0
012001.png,1
012002.png,2
012003.png,3
012004.png,0
012005.png,1
012006.png,2
012007.png,3
012008.png,0
012009.png,1
012010.png,2
012011.png,3
012012.png,0
012013.png,1
012014.png,2
012015.png,3
012016.png,0
012017.png,1
012018.png,2
012019.png,3
012020.png,0
012021.png,1
012022.png,2
012023.png,3
012024.png,0
012025.png,1
012026.png,2
012027.png,3
012028.png,0
012029.png,1
012030.png,2
012031.png,3
012032.png,0
012033.png,1
012034.png,2
012035.png,3
012036.png,0
012037.png,1
012038.png,2
012039.png,3
012040.png,0
012041.png,1
012042.png,2
012043.png,3
012044.png,0
012045.png,1
012046.png,2
012047.png,3
012048.png,0
012049.png,1
012050.png,2
012051.png,3
012052.png,0
012053.png,1
012054.png,2
012055.png,3
012056.png,0
012057.png,1
012058.png,2
012059.png,3
012060.png,0
012061.png,1
012062.png,2
012063.png,3
012064.png,0
012065.png,1
012066.png,2
012067.png,3
012068.png,0
012069.png,1
012070.png,2
012071.png,3
012072.png,0
012073.png,1
012074.png,2
012075.png,3
012076.png,0
012077.png,1
012078.png,2
012079.png,3
012080.png,0
012081.png,1
012082.png,2
012083.png,3
012084.png,0
012085.png,1
012086.png,2
012087.png,3
012088.png,0
012089.png,1
012090.png,2
012091.png,3
012092.png,0
012093.png,1
012094.png,2
012095.png,3
012096.png,0
012097.png,1
012098.png,2
012099.png,3
012100.png,0
012101.png,1
012102.png,2
012103.png,3
012104.png,0
012105.png,1
012106.png,2
012107.png,3
012108.png,0
012109.png,1
012110.png,2
012111.png,3
012112.png,0
012113.png,1
012114.png,2
012115.png,3
012116.png,0
012117.png,1
012118.png,2
012119.png,3
012120.png,0
012121.png,1
012122.png,2
012123.png,3
012124.png,0
012125.png,1
012126.png,2
012127.png,3
012128.png,0
012129.png,1
012130.png,2
012131.png,3
012132.png,0
012133.png,1
012134.png,2
012135.png,3
012136.png,0
012137.png,1
012138.png,2
012139.png,3
012140.png,0
012141.png,1
012142.png,2
012143.png,3
012144.png,0
012145.png,1
012146.png,2
012147.png,3
012148.png,0
012149.png,1
012150.png,2
012151.png,3
012152.png,0
012153.png,1
012154.png,2
012155.png,3
012156.png,0
012157.png,1
012158.png,2
012159.png,3
012160.png,0
012161.png,1
012162.png,2
012163.png,3
012164.png,0
012165.png,1
012166.png,2
012167.png,3
012168.png,0
012169.png,1
012170.png,2
012171.png,3
012172.png,0
012173.png,1
012174.png,2
012175.png,3
012176.png,0
012177.png,1
012178.png,2
012179.png,3
012180.png,0
012181.png,1
012182.png,2
012183.png,3
012184.png,0
012185.png,1
012186.png,2
012187.png,3
012188.png,0
012189.png,1
012190.png,2
012191.png,3
012192.png,0
012193.png,1
012194.png,2
012195.png,3
012196.png,0
012197.png,1
012198.png,2
012199.png,3
012200.png,0
012201.png,1
012202.png,2
012203.png,3
012204.png,0
012205.png,1
012206.png,2
012207.png,3
012208.png,0
012209.png,1
012210.png,2
012211.png,3
012212.png,0
012213.png,1
012214.png,2
012215.png,3
012216.png,0
012217.png,1
012218.png,2
012219.png,3
012220.png,0
012221.png,1
012222.png,2
012223.png,3
012224.png,0
012225.png,1
012226.png,2
012227.png,3
012228.png,0
012229.png,1
012230.png,2
012231.png,3
012232.png,0
012233.png,1
012234.png,2
012235.png,3
012236.png,0
012237.png,1
012238.png,2
012239.png,3
012240.png,0
012241.png,1
012242.png,2
012243.png,3
012244.png,0
012245.png,1
012246.png,2
012247.png,3
012248.png,0
012249.png,1
012250.png,2
012251.png,3
012252.png,0
012253.png,1
012254.png,2
012255.png,3
012256.png,0
012257.png,1
012258.png,2
012259.png,3
012260.png,0
012261.png,1
012262.png,2
012263.png,3
012264.png,0
012265.png,1
012266.png,2
012267.png,3
012268.png,0
012269.png,1
012270.png,2
012271.png,3
012272.png,0
012273.png,1
012274.png,2
012275.png,3
012276.png,0
012277.png,1
012278.png,2
012279.png,3
012280.png,0
012281.png,1
012282.png,2
012283.png,3
012284.png,0
012285.png,1
012286.png,2
012287.png,3
012288.png,0
012289.png,1
012290.png,2
012291.png,3
012292.png,0
012293.png,1
012294.png,2
012295.png,3
012296.png,0
012297.png,1
012298.png,2
012299.png,3
012300.png,0
012301.png,1
012302.png,2
012303.png,3
012304.png,0
012305.png,1
012306.png,2
012307.png,3
012308.png,0
012309.png,1
012310.png,2
012311.png,3
012312.png,0
012313.png,1
012314.png,2
012315.png,3
012316.png,0
012317.png,1
012318.png,2
012319.png,3
012320.png,0
012321.png,1
012322.png,2
012323.png,3
012324.png,0
012325.png,1
012326.png,2
012327.png,3
012328.png,0
012329.png,1
012330.png,2
012331.png,3
012332.png,0
012333.png,1
012334.png,2
012335.png,3
012336.png,0
012337.png,1
012338.png,2
012339.png,3
012340.png,0
012341.png,1
012342.png,2
012343.png,3
012344.png,0
012345.png,1
012346.png,2
012347.png,3
012348.png,0
012349.png,1
012350.png,2
012351.png,3
012352.png,0
012353.png,1
012354.png,2
012355.png,3
012356.png,0
012357.png,1
012358.png,2
012359.png,3
012360.png,0
012361.png,1
012362.png,2
012363.png,3
012364.png,0
012365.png,1
012366.png,2
012367.png,3
012368.png,0
012369.png,1
012370.png,2
012371.png,3
012372.png,0
012373.png,1
012374.png,2
012375.png,3
012376.png,0
012377.png,1
012378.png,2
012379.png,3
012380.png,0
012381.png,1
012382.png,2
012383.png,3
012384.png,0
012385.png,1
012386.png,2
012387.png,3
012388.png,0
012389.png,1
012390.png,2
012391.png,3
012392.png,0
012393.png,1
012394.png,2
012395.png,3
012396.png,0
012397.png,1
012398.png,2
012399.png,3
012400.png,0
012401.png,1
012402.png,2
012403.png,3
012404.png,0
012405.png,1
012406.png,2
012407.png,3
012408.png,0
012409.png,1
012410.png,2
012411.png,3
012412.png,0
012413.png,1
012414.png,2
012415.png,3
012416.png,0
012417.png,1
012418.png,2
012419.png,3
012420.png,0
012421.png,1
012422.png,2
012423.png,3
012424.png,0
012425.png,1
012426.png,2
012427.png,3
012428.png,0
012429.png,1
012430.png,2
012431.png,3
012432.png,0
012433.png,1
012434.png,2
012435.png,3
012436.png,0
012437.png,1
012438.png,2
012439.png,3
012440.png,0
012441.png,1
012442.png,2
012443.png,3
012444.png,0
012445.png,1
012446.png,2
012447.png,3
012448.png,0
012449.png,1
012450.png,2
012451.png,3
012452.png,0
012453.png,1
012454.png,2
012455.png,3
012456.png,0
012457.png,1
012458.png,2
012459.png,3
012460.png,0
012461.png,1
012462.png,2
012463.png,3
012464.png,0
012465.png,1
012466.png,2
012467.png,3
012468.png,0
012469.png,1
012470.png,2
012471.png,3
012472.png,0
012473.png,1
012474.png,2
012475.png,3
012476.png,0
012477.png,1
012478.png,2
012479.png,3
012480.png,0
012481.png,1
012482.png,2
012483.png,3
012484.png,0
012485.png,1
012486.png,2
012487.png,3
012488.png,0
012489.png,1
012490.png,2
012491.png,3
012492.png,0
012493.png,1
012494.png,2
012495.png,3
012496.png,0
012497.png,1
012498.png,2
012499.png,3
012500.png,0
012501.png,1
012502.png,2
012503.png,3
012504.png,0
012505.png,1
012506.png,2
012507.png,3
012508.png,0
012509.png,1
012510.png,2
012511.png,3
012512.png,0
012513.png,1
012514.png,2
012515.png,3
012516.png,0
012517.png,1
012518.png,2
012519.png,3
012520.png,0
012521.png,1
012522.png,2
012523.png,3
012524.png,0
012525.png,1
012526.png,2
012527.png,3
012528.png,0
012529.png,1
012530.png,2
012531.png,3
012532.png,0
012533.png,1
012534.png,2
012535.png,3
012536.png,0
012537.png,1
012538.png,2
012539.png,3
012540.png,0
012541.png,1
012542.png,2
012543.png,3
012544.png,0
012545.png,1
012546.png,2
012547.png,3
012548.png,0
012549.png,1
012550.png,2
012551.png,3
012552.png,0
012553.png,1
012554.png,2
012555.png,3
012556.png,0
012557.png,1
012558.png,2
012559.png,3
012560.png,0
012561.png,1
012562.png,2
012563.png,3
012564.png,0
012565.png,1
012566.png,2
012567.png,3
012568.png,0
012569.png,1
012570.png,2
012571.png,3
012572.png,0
012573.png,1
012574.png,2
012575.png,3
012576.png,0
012577.png,1
012578.png,2
012579.png,3
012580.png,0
012581.png,1
012582.png,2
012583.png,3
012584.png,0
012585.png,1
012586.png,2
012587.png,3
012588.png,0
012589.png,1
012590.png,2
012591.png,3
012592.png,0
012593.png,1
012594.png,2
012595.png,3
012596.png,0
012597.png,1
012598.png,2
012599.png,3
012600.png,0
012601.png,1
012602.png,2
012603.png,3
012604.png,0
012605.png,1
012606.png,2
012607.png,3
012608.png,0
012609.png,1
012610.png,2
012611.png,3
012612.png,0
012613.png,1
012614.png,2
012615.png,3
012616.png,0
012617.png,1
012618.png,2
012619.png,3
012620.png,0
012621.png,1
012622.png,2
012623.png,3
012624.png,0
012625.png,1
012626.png,2
012627.png,3
012628.png,0
012629.png,1
012630.png,2
012631.png,3
012632.png,0
012633.png,1
012634.png,2
012635.png,3
012636.png,0
012637.png,1
012638.png,2
012639.png,3
012640.png,0
012641.png,1
012642.png,2
012643.png,3
012644.png,0
012645.png,1
012646.png,2
012647.png,3
012648.png,0
012649.png,1
012650.png,2
012651.png,3
012652.png,0
012653.png,1
012654.png,2
012655.png,3
012656.png,0
012657.png,1
012658.png,2
012659.png,3
012660.png,0
012661.png,1
012662.png,2
012663.png,3
012664.png,0
012665.png,1
012666.png,2
012667.png,3
012668.png,0
012669.png,1
012670.png,2
012671.png,3
012672.png,0
012673.png,1
012674.png,2
012675.png,3
012676.png,0
012677.png,1
012678.png,2
012679.png,3
012680.png,0
012681.png,1
012682.png,2
012683.png,3
012684.png,0
012685.png,1
012686.png,2
012687.png,3
012688.png,0
012689.png,1
012690.png,2
012691.png,3
012692.png,0
012693.png,1
012694.png,2
012695.png,3
012696.png,0
012697.png,1
012698.png,2
012699.png,3
012700.png,0
012701.png,1
012702.png,2
012703.png,3
012704.png,0
012705.png,1
012706.png,2
012707.png,3
012708.png,0
012709.png,1
012710.png,2
012711.png,3
012712.png,0
012713.png,1
012714.png,2
012715.png,3
012716.png,0
012717.png,1
012718.png,2
012719.png,3
012720.png,0
012721.png,1
012722.png,2
012723.png,3
012724.png,0
012725.png,1
012726.png,2
012727.png,3
012728.png,0
012729.png,1
012730.png,2
012731.png,3
012732.png,0
012733.png,1
012734.png,2
012735.png,3
012736.png,0
012737.png,1
012738.png,2
012739.png,3
012740.png,0
012741.png,1
012742.png,2
012743.png,3
012744.png,0
012745.png,1
012746.png,2
012747.png,3
012748.png,0
012749.png,1
012750.png,2
012751.png,3
012752.png,0
012753.png,1
012754.png,2
012755.png,3
012756.png,0
012757.png,1
012758.png,2
012759.png,3
012760.png,0
012761.png,1
012762.png,2
012763.png,3
012764.png,0
012765.png,1
012766.png,2
012767.png,3
012768.png,0
012769.png,1
012770.png,2
012771.png,3
012772.png,0
012773.png,1
012774.png,2
012775.png,3
012776.png,0
012777.png,1
012778.png,2
012779.png,3
012780.png,0
012781.png,1
012782.png,2
012783.png,3
012784.png,0
012785.png,1
012786.png,2
012787.png,3
012788.png,0
012789.png,1
012790.png,2
012791.png,3
012792.png,0
012793.png,1
012794.png,2
012795.png,3
012796.png,0
012797.png,1
012798.png,2
012799.png,3
012800.png,0
012801.png,1
012802.png,2
012803.png,3
012804.png,0
012805.png,1
012806.png,2
012807.png,3
012808.png,0
012809.png,1
012810.png,2
012811.png,3
012812.png,0
012813.png,1
012814.png,2
012815.png,3
012816.png,0
012817.png,1
012818.png,2
012819.png,3
012820.png,0
012821.png,1
012822.png,2
012823.png,3
012824.png,0
012825.png,1
012826.png,2
012827.png,3
012828.png,0
012829.png,1
012830.png,2
012831.png,3
012832.png,0
012833.png,1
012834.png,2
012835.png,3
012836.png,0
012837.png,1
012838.png,2
012839.png,3
012840.png,0
012841.png,1
012842.png,2
012843.png,3
012844.png,0
012845.png,1
012846.png,2
012847.png,3
012848.png,0
012849.png,1
012850.png,2
012851.png,3
012852.png,0
012853.png,1
012854.png,2
012855.png,3
012856.png,0
012857.png,1
012858.png,2
012859.png,3
012860.png,0
012861.png,1
012862.png,2
012863.png,3
012864.png,0
012865.png,1
012866.png,2
012867.png,3
012868.png,0
012869.png,1
012870.png,2
012871.png,3
012872.png,0
012873.png,1
012874.png,2
012875.png,3
012876.png,0
012877.png,1
012878.png,2
012879.png,3
012880.png,0
012881.png,1
012882.png,2
012883.png,3
012884.png,0
012885.png,1
012886.png,2
012887.png,3
012888.png,0
012889.png,1
012890.png,2
012891.png,3
012892.png,0
012893.png,1
012894.png,2
012895.png,3
012896.png,0
012897.png,1
012898.png,2
012899.png,3
012900.png,0
012901.png,1
012902.png,2
012903.png,3
012904.png,0
012905.png,1
012906.png,2
012907.png,3
012908.png,0
012909.png,1
012910.png,2
012911.png,3
012912.png,0
012913.png,1
012914.png,2
012915.png,3
012916.png,0
012917.png,1
012918.png,2
012919.png,3
012920.png,0
012921.png,1
012922.png,2
012923.png,3
012924.png,0
012925.png,1
012926.png,2
012927.png,3
012928.png,0
012929.png,1
012930.png,2
012931.png,3
012932.png,0
012933.png,1
012934.png,2
012935.png,3
012936.png,0
012937.png,1
012938.png,2
012939.png,3
012940.png,0
012941.png,1
012942.png,2
012943.png,3
012944.png,0
012945.png,1
012946.png,2
012947.png,3
012948.png,0
012949.png,1
012950.png,2
012951.png,3
012952.png,0
012953.png,1
012954.png,2
012955.png,3
012956.png,0
012957.png,1
012958.png,2
012959.png,3
012960.png,0
012961.png,1
012962.png,2
012963.png,3
012964.png,0
012965.png,1
012966.png,2
012967.png,3
012968.png,0
012969.png,1
012970.png,2
012971.png,3
012972.png,0
012973.png,1
012974.png,2
012975.png,3
012976.png,0
012977.png,1
012978.png,2
012979.png,3
012980.png,0
012981.png,1
012982.png,2
012983.png,3
012984.png,0
012985.png,1
012986.png,2
012987.png,3
012988.png,0
012989.png,1
012990.png,2
012991.png,3
012992.png,0
012993.png,1
012994.png,2
012995.png,3
012996.png,0
012997.png,1
012998.png,2
012999.png,3
013000.png,0
013001.png,1
013002.png,2
013003.png,3
013004.png,0
013005.png,1
013006.png,2
013007.png,3
013008.png,0
013009.png,1
013010.png,2
013011.png,3
013012.png,0
013013.png,1
013014.png,2
013015.png,3
013016.png,0
013017.png,1
013018.png,2
013019.png,3
013020.png,0
013021.png,1
013022.png,2
013023.png,3
013024.png,0
013025.png,1
013026.png,2
013027.png,3
013028.png,0
013029.png,1
013030.png,2
013031.png,3
013032.png,0
013033.png,1
013034.png,2
013035.png,3
013036.png,0
013037.png,1
013038.png,2
013039.png,3
013040.png,0
013041.png,1
013042.png,2
013043.png,3
013044.png,0
013045.png,1
013046.png,2
013047.png,3
013048.png,0
013049.png,1
013050.png,2
013051.png,3
013052.png,0
013053.png,1
013054.png,2
013055.png,3
013056.png,0
013057.png,1
013058.png,2
013059.png,3
013060.png,0
013061.png,1
013062.png,2
013063.png,3
013064.png,0
013065.png,1
013066.png,2
013067.png,3
013068.png,0
013069.png,1
013070.png,2
013071.png,3
013072.png,0
013073.png,1
013074.png,2
013075.png,3
013076.png,0
013077.png,1
013078.png,2
013079.png,3
013080.png,0
013081.png,1
013082.png,2
013083.png,3
013084.png,0
013085.png,1
013086.png,2
013087.png,3
013088.png,0
013089.png,1
013090.png,2
013091.png,3
013092.png,0
013093.png,1
013094.png,2
013095.png,3
013096.png,0
013097.png,1
013098.png,2
013099.png,3
013100.png,0
013101.png,1
013102.png,2
013103.png,3
013104.png,0
013105.png,1
013106.png,2
013107.png,3
013108.png,0
013109.png,1
013110.png,2
013111.png,3
013112.png,0
013113.png,1
013114.png,2
013115.png,3
013116.png,0
013117.png,1
013118.png,2
013119.png,3
013120.png,0
013121.png,1
013122.png,2
013123.png,3
013124.png,0
013125.png,1
013126.png,2
013127.png,3
013128.png,0
013129.png,1
013130.png,2
013131.png,3
013132.png,0
013133.png,1
013134.png,2
013135.png,3
013136.png,0
013137.png,1
013138.png,2
013139.png,3
013140.png,0
013141.png,1
013142.png,2
013143.png,3
013144.png,0
013145.png,1
013146.png,2
013147.png,3
013148.png,0
013149.png,1
013150.png,2
013151.png,3
013152.png,0
013153.png,1
013154.png,2
013155.png,3
013156.png,0
013157.png,1
013158.png,2
013159.png,3
013160.png,0
013161.png,1
013162.png,2
013163.png,3
013164.png,0
013165.png,1
013166.png,2
013167.png,3
013168.png,0
013169.png,1
013170.png,2
013171.png,3
013172.png,0
013173.png,1
013174.png,2
013175.png,3
013176.png,0
013177.png,1
013178.png,2
013179.png,3
013180.png,0
013181.png,1
013182.png,2
013183.png,3
013184.png,0
013185.png,1
013186.png,2
013187.png,3
013188.png,0
013189.png,1
013190.png,2
013191.png,3
013192.png,0
013193.png,1
013194.png,2
013195.png,3
013196.png,0
013197.png,1
013198.png,2
013199.png,3
013200.png,0
013201.png,1
013202.png,2
013203.png,3
013204.png,0
013205.png,1
013206.png,2
013207.png,3
013208.png,0
013209.png,1
013210.png,2
013211.png,3
013212.png,0
013213.png,1
013214.png,2
013215.png,3
013216.png,0
013217.png,1
013218.png,2
013219.png,3
013220.png,0
013221.png,1
013222.png,2
013223.png,3
013224.png,0
013225.png,1
013226.png,2
013227.png,3
013228.png,0
013229.png,1
013230.png,2
013231.png,3
013232.png,0
013233.png,1
013234.png,2
013235.png,3
013236.png,0
013237.png,1
013238.png,2
013239.png,3
013240.png,0
013241.png,1
013242.png,2
013243.png,3
013244.png,0
013245.png,1
013246.png,2
013247.png,3
013248.png,0
013249.png,1
013250.png,2
013251.png,3
013252.png,0
013253.png,1
013254.png,2
013255.png,3
013256.png,0
013257.png,1
013258.png,2
013259.png,3
013260.png,0
013261.png,1
013262.png,2
013263.png,3
013264.png,0
013265.png,1
013266.png,2
013267.png,3
013268.png,0
013269.png,1
013270.png,2
013271.png,3
013272.png,0
013273.png,1
013274.png,2
013275.png,3
013276.png,0
013277.png,1
013278.png,2
013279.png,3
013280.png,0
013281.png,1
013282.png,2
013283.png,3
013284.png,0
013285.png,1
013286.png,2
013287.png,3
013288.png,0
013289.png,1
013290.png,2
013291.png,3
013292.png,0
013293.png,1
013294.png,2
013295.png,3
013296.png,0
013297.png,1
013298.png,2
013299.png,3
013300.png,0
013301.png,1
013302.png,2
013303.png,3
013304.png,0
013305.png,1
013306.png,2
013307.png,3
013308.png,0
013309.png,1
013310.png,2
013311.png,3
013312.png,0
013313.png,1
013314.png,2
013315.png,3
013316.png,0
013317.png,1
013318.png,2
013319.png,3
013320.png,0
013321.png,1
013322.png,2
013323.png,3
013324.png,0
013325.png,1
013326.png,2
013327.png,3
013328.png,0
013329.png,1
013330.png,2
013331.png,3
013332.png,0
013333.png,1
013334.png,2
013335.png,3
013336.png,0
013337.png,1
013338.png,2
013339.png,3
013340.png,0
013341.png,1
013342.png,2
013343.png,3
013344.png,0
013345.png,1
013346.png,2
013347.png,3
013348.png,0
013349.png,1
013350.png,2
013351.png,3
013352.png,0
013353.png,1
013354.png,2
013355.png,3
013356.png,0
013357.png,1
013358.png,2
013359.png,3
013360.png,0
013361.png,1
013362.png,2
013363.png,3
013364.png,0
013365.png,1
013366.png,2
013367.png,3
013368.png,0
013369.png,1
013370.png,2
013371.png,3
013372.png,0
013373.png,1
013374.png,2
013375.png,3
013376.png,0
013377.png,1
013378.png,2
013379.png,3
013380.png,0
013381.png,1
013382.png,2
013383.png,3
013384.png,0
013385.png,1
013386.png,2
013387.png,3
013388.png,0
013389.png,1
013390.png,2
013391.png,3
013392.png,0
013393.png,1
013394.png,2
013395.png,3
013396.png,0
013397.png,1
013398.png,2
013399.png,3
013400.png,0
013401.png,1
013402.png,2
013403.png,3
013404.png,0
013405.png,1
013406.png,2
013407.png,3
013408.png,0
013409.png,1
013410.png,2
013411.png,3
013412.png,0
013413.png,1
013414.png,2
013415.png,3
013416.png,0
013417.png,1
013418.png,2
013419.png,3
013420.png,0
013421.png,1
013422.png,2
013423.png,3
013424.png,0
013425.png,1
013426.png,2
013427.png,3
013428.png,0
013429.png,1
013430.png,2
013431.png,3
013432.png,0
013433.png,1
013434.png,2
013435.png,3
013436.png,0
013437.png,1
013438.png,2
013439.png,3
013440.png,0
013441.png,1
013442.png,2
013443.png,3
013444.png,0
013445.png,1
013446.png,2
013447.png,3
013448.png,0
013449.png,1
013450.png,2
013451.png,3
013452.png,0
013453.png,1
013454.png,2
013455.png,3
013456.png,0
013457.png,1
013458.png,2
013459.png,3
013460.png,0
013461.png,1
013462.png,2
013463.png,3
013464.png,0
013465.png,1
013466.png,2
013467.png,3
013468.png,0
013469.png,1
013470.png,2
013471.png,3
013472.png,0
013473.png,1
013474.png,2
013475.png,3
013476.png,0
013477.png,1
013478.png,2
013479.png,3
013480.png,0
013481.png,1
013482.png,2
013483.png,3
013484.png,0
013485.png,1
013486.png,2
013487.png,3
013488.png,0
013489.png,1
013490.png,2
013491.png,3
013492.png,0
013493.png,1
013494.png,2
013495.png,3
013496.png,0
013497.png,1
013498.png,2
013499.png,3
013500.png,0
013501.png,1
013502.png,2
013503.png,3
013504.png,0
013505.png,1
013506.png,2
013507.png,3
013508.png,0
013509.png,1
013510.png,2
013511.png,3
013512.png,0
013513.png,1
013514.png,2
013515.png,3
013516.png,0
013517.png,1
013518.png,2
013519.png,3
013520.png,0
013521.png,1
013522.png,2
013523.png,3
013524.png,0
013525.png,1
013526.png,2
013527.png,3
013528.png,0
013529.png,1
013530.png,2
013531.png,3
013532.png,0
013533.png,1
013534.png,2
013535.png,3
013536.png,0
013537.png,1
013538.png,2
013539.png,3
013540.png,0
013541.png,1
013542.png,2
013543.png,3
013544.png,0
013545.png,1
013546.png,2
013547.png,3
013548.png,0
013549.png,1
013550.png,2
013551.png,3
013552.png,0
013553.png,1
013554.png,2
013555.png,3
013556.png,0
013557.png,1
013558.png,2
013559.png,3
013560.png,0
013561.png,1
013562.png,2
013563.png,3
013564.png,0
013565.png,1
013566.png,2
013567.png,3
013568.png,0
013569.png,1
013570.png,2
013571.png,3
013572.png,0
013573.png,1
013574.png,2
013575.png,3
013576.png,0
013577.png,1
013578.png,2
013579.png,3
013580.png,0
013581.png,1
013582.png,2
013583.png,3
013584.png,0
013585.png,1
013586.png,2
013587.png,3
013588.png,0
013589.png,1
013590.png,2
013591.png,3
013592.png,0
013593.png,1
013594.png,2
013595.png,3
013596.png,0
013597.png,1
013598.png,2
013599.png,3
013600.png,0
013601.png,1
013602.png,2
013603.png,3
013604.png,0
013605.png,1
013606.png,2
013607.png,3
013608.png,0
013609.png,1
013610.png,2
013611.png,3
013612.png,0
013613.png,1
013614.png,2
013615.png,3
013616.png,0
013617.png,1
013618.png,2
013619.png,3
013620.png,0
013621.png,1
013622.png,2
013623.png,3
013624.png,0
013625.png,1
013626.png,2
013627.png,3
013628.png,0
013629.png,1
013630.png,2
013631.png,3
013632.png,0
013633.png,1
013634.png,2
013635.png,3
013636.png,0
013637.png,1
013638.png,2
013639.png,3
013640.png,0
013641.png,1
013642.png,2
013643.png,3
013644.png,0
013645.png,1
013646.png,2
013647.png,3
013648.png,0
013649.png,1
013650.png,2
013651.png,3
013652.png,0
013653.png,1
013654.png,2
013655.png,3
013656.png,0
013657.png,1
013658.png,2
013659.png,3
013660.png,0
013661.png,1
013662.png,2
013663.png,3
013664.png,0
013665.png,1
013666.png,2
013667.png,3
013668.png,0
013669.png,1
013670.png,2
013671.png,3
013672.png,0
013673.png,1
013674.png,2
013675.png,3
013676.png,0
013677.png,1
013678.png,2
013679.png,3
013680.png,0
013681.png,1
013682.png,2
013683.png,3
013684.png,0
013685.png,1
013686.png,2
013687.png,3
013688.png,0
013689.png,1
013690.png,2
013691.png,3
013692.png,0
013693.png,1
013694.png,2
013695.png,3
013696.png,0
013697.png,1
013698.png,2
013699.png,3
013700.png,0
013701.png,1
013702.png,2
013703.png,3
013704.png,0
013705.png,1
013706.png,2
013707.png,3
013708.png,0
013709.png,1
013710.png,2
013711.png,3
013712.png,0
013713.png,1
013714.png,2
013715.png,3
013716.png,0
013717.png,1
013718.png,2
013719.png,3
013720.png,0
013721.png,1
013722.png,2
013723.png,3
013724.png,0
013725.png,1
013726.png,2
013727.png,3
013728.png,0
013729.png,1
013730.png,2
013731.png,3
013732.png,0
013733.png,1
013734.png,2
013735.png,3
013736.png,0
013737.png,1
013738.png,2
013739.png,3
013740.png,0
013741.png,1
013742.png,2
013743.png,3
013744.png,0
013745.png,1
013746.png,2
013747.png,3
013748.png,0
013749.png,1
013750.png,2
013751.png,3
013752.png,0
013753.png,1
013754.png,2
013755.png,3
013756.png,0
013757.png,1
013758.png,2
013759.png,3
013760.png,0
013761.png,1
013762.png,2
013763.png,3
013764.png,0
013765.png,1
013766.png,2
013767.png,3
013768.png,0
013769.png,1
013770.png,2
013771.png,3
013772.png,0
013773.png,1
013774.png,2
013775.png,3
013776.png,0
013777.png,1
013778.png,2
013779.png,3
013780.png,0
013781.png,1
013782.png,2
013783.png,3
013784.png,0
013785.png,1
013786.png,2
013787.png,3
013788.png,0
013789.png,1
013790.png,2
013791.png,3
013792.png,0
013793.png,1
013794.png,2
013795.png,3
013796.png,0
013797.png,1
013798.png,2
013799.png,3
013800.png,0
013801.png,1
013802.png,2
013803.png,3
013804.png,0
013805.png,1
013806.png,2
013807.png,3
013808.png,0
013809.png,1
013810.png,2
013811.png,3
013812.png,0
013813.png,1
013814.png,2
013815.png,3
013816.png,0
013817.png,1
013818.png,2
013819.png,3
013820.png,0
013821.png,1
013822.png,2
013823.png,3
013824.png,0
013825.png,1
013826.png,2
013827.png,3
013828.png,0
013829.png,1
013830.png,2
013831.png,3
013832.png,0
013833.png,1
013834.png,2
013835.png,3
013836.png,0
013837.png,1
013838.png,2
013839.png,3
013840.png,0
013841.png,1
013842.png,2
013843.png,3
013844.png,0
013845.png,1
013846.png,2
013847.png,3
013848.png,0
013849.png,1
013850.png,2
013851.png,3
013852.png,0
013853.png,1
013854.png,2
013855.png,3
013856.png,0
013857.png,1
013858.png,2
013859.png,3
013860.png,0
013861.png,1
013862.png,2
013863.png,3
013864.png,0
013865.png,1
013866.png,2
013867.png,3
013868.png,0
013869.png,1
013870.png,2
013871.png,3
013872.png,0
013873.png,1
013874.png,2
013875.png,3
013876.png,0
013877.png,1
013878.png,2
013879.png,3
013880.png,0
013881.png,1
013882.png,2
013883.png,3
013884.png,0
013885.png,1
013886.png,2
013887.png,3
013888.png,0
013889.png,1
013890.png,2
013891.png,3
013892.png,0
013893.png,1
013894.png,2
013895.png,3
013896.png,0
013897.png,1
013898.png,2
013899.png,3
013900.png,0
013901.png,1
013902.png,2
013903.png,3
013904.png,0
013905.png,1
013906.png,2
013907.png,3
013908.png,0
013909.png,1
013910.png,2
013911.png,3
013912.png,0
013913.png,1
013914.png,2
013915.png,3
013916.png,0
013917.png,1
013918.png,2
013919.png,3
013920.png,0
013921.png,1
013922.png,2
013923.png,3
013924.png,0
013925.png,1
013926.png,2
013927.png,3
013928.png,0
013929.png,1
013930.png,2
013931.png,3
013932.png,0
013933.png,1
013934.png,2
013935.png,3
013936.png,0
013937.png,1
013938.png,2
013939.png,3
013940.png,0
013941.png,1
013942.png,2
013943.png,3
013944.png,0
013945.png,1
013946.png,2
013947.png,3
013948.png,0
013949.png,1
013950.png,2
013951.png,3
013952.png,0
013953.png,1
013954.png,2
013955.png,3
013956.png,0
013957.png,1
013958.png,2
013959.png,3
013960.png,0
013961.png,1
013962.png,2
013963.png,3
013964.png,0
013965.png,1
013966.png,2
013967.png,3
013968.png,0
013969.png,1
013970.png,2
013971.png,3
013972.png,0
013973.png,1
013974.png,2
013975.png,3
013976.png,0
013977.png,1
013978.png,2
013979.png,3
013980.png,0
013981.png,1
013982.png,2
013983.png,3
013984.png,0
013985.png,1
013986.png,2
013987.png,3
013988.png,0
013989.png,1
013990.png,2
013991.png,3
013992.png,0
013993.png,1
013994.png,2
013995.png,3
013996.png,0
013997.png,1
013998.png,2
013999.png,3
014000.png,0
014001.png,1
014002.png,2
014003.png,3
014004.png,0
014005.png,1
014006.png,2
014007.png,3
014008.png,0
014009.png,1
014010.png,2
014011.png,3
014012.png,0
014013.png,1
014014.png,2
014015.png,3
014016.png,0
014017.png,1
014018.png,2
014019.png,3
014020.png,0
014021.png,1
014022.png,2
014023.png,3
014024.png,0
014025.png,1
014026.png,2
014027.png,3
014028.png,0
014029.png,1
014030.png,2
014031.png,3
014032.png,0
014033.png,1
014034.png,2
014035.png,3
014036.png,0
014037.png,1
014038.png,2
014039.png,3
014040.png,0
014041.png,1
014042.png,2
014043.png,3
014044.png,0
014045.png,1
014046.png,2
014047.png,3
014048.png,0
014049.png,1
014050.png,2
014051.png,3
014052.png,0
014053.png,1
014054.png,2
014055.png,3
014056.png,0
014057.png,1
014058.png,2
014059.png,3
014060.png,0
014061.png,1
014062.png,2
014063.png,3
014064.png,0
014065.png,1
014066.png,2
014067.png,3
014068.png,0
014069.png,1
014070.png,2
014071.png,3
014072.png,0
014073.png,1
014074.png,2
014075.png,3
014076.png,0
014077.png,1
014078.png,2
014079.png,3
014080.png,0
014081.png,1
014082.png,2
014083.png,3
014084.png,0
014085.png,1
014086.png,2
014087.png,3
014088.png,0
014089.png,1
014090.png,2
014091.png,3
014092.png,0
014093.png,1
014094.png,2
014095.png,3
014096.png,0
014097.png,1
014098.png,2
014099.png,3
014100.png,0
014101.png,1
014102.png,2
014103.png,3
014104.png,0
014105.png,1
014106.png,2
014107.png,3
014108.png,0
014109.png,1
014110.png,2
014111.png,3
014112.png,0
014113.png,1
014114.png,2
014115.png,3
014116.png,0
014117.png,1
014118.png,2
014119.png,3
014120.png,0
014121.png,1
014122.png,2
014123.png,3
014124.png,0
014125.png,1
014126.png,2
014127.png,3
014128.png,0
014129.png,1
014130.png,2
014131.png,3
014132.png,0
014133.png,1
014134.png,2
014135.png,3
014136.png,0
014137.png,1
014138.png,2
014139.png,3
014140.png,0
014141.png,1
014142.png,2
014143.png,3
014144.png,0
014145.png,1
014146.png,2
014147.png,3
014148.png,0
014149.png,1
014150.png,2
014151.png,3
014152.png,0
014153.png,1
014154.png,2
014155.png,3
014156.png,0
014157.png,1
014158.png,2
014159.png,3
014160.png,0
014161.png,1
014162.png,2
014163.png,3
014164.png,0
014165.png,1
014166.png,2
014167.png,3
014168.png,0
014169.png,1
014170.png,2
014171.png,3
014172.png,0
014173.png,1
014174.png,2
014175.png,3
014176.png,0
014177.png,1
014178.png,2
014179.png,3
014180.png,0
014181.png,1
014182.png,2
014183.png,3
014184.png,0
014185.png,1
014186.png,2
014187.png,3
014188.png,0
014189.png,1
014190.png,2
014191.png,3
014192.png,0
014193.png,1
014194.png,2
014195.png,3
014196.png,0
014197.png,1
014198.png,2
014199.png,3
014200.png,0
014201.png,1
014202.png,2
014203.png,3
014204.png,0
014205.png,1
014206.png,2
014207.png,3
014208.png,0
014209.png,1
014210.png,2
014211.png,3
014212.png,0
014213.png,1
014214.png,2
014215.png,3
014216.png,0
014217.png,1
014218.png,2
014219.png,3
014220.png,0
014221.png,1
014222.png,2
014223.png,3
014224.png,0
014225.png,1
014226.png,2
014227.png,3
014228.png,0
014229.png,1
014230.png,2
014231.png,3
014232.png,0
014233.png,1
014234.png,2
014235.png,3
014236.png,0
014237.png,1
014238.png,2
014239.png,3
014240.png,0
014241.png,1
014242.png,2
014243.png,3
014244.png,0
014245.png,1
014246.png,2
014247.png,3
014248.png,0
014249.png,1
014250.png,2
014251.png,3
014252.png,0
014253.png,1
014254.png,2
014255.png,3
014256.png,0
014257.png,1
014258.png,2
014259.png,3
014260.png,0
014261.png,1
014262.png,2
014263.png,3
014264.png,0
014265.png,1
014266.png,2
014267.png,3
014268.png,0
014269.png,1
014270.png,2
014271.png,3
014272.png,0
014273.png,1
014274.png,2
014275.png,3
014276.png,0
014277.png,1
014278.png,2
014279.png,3
014280.png,0
014281.png,1
014282.png,2
014283.png,3
014284.png,0
014285.png,1
014286.png,2
014287.png,3
014288.png,0
014289.png,1
014290.png,2
014291.png,3
014292.png,0
014293.png,1
014294.png,2
014295.png,3
014296.png,0
014297.png,1
014298.png,2
014299.png,3
014300.png,0
014301.png,1
014302.png,2
014303.png,3
014304.png,0
014305.png,1
014306.png,2
014307.png,3
014308.png,0
014309.png,1
014310.png,2
014311.png,3
014312.png,0
014313.png,1
014314.png,2
014315.png,3
014316.png,0
014317.png,1
014318.png,2
014319.png,3
014320.png,0
014321.png,1
014322.png,2
014323.png,3
014324.png,0
014325.png,1
014326.png,2
014327.png,3
014328.png,0
014329.png,1
014330.png,2
014331.png,3
014332.png,0
014333.png,1
014334.png,2
014335.png,3
014336.png,0
014337.png,1
014338.png,2
014339.png,3
014340.png,0
014341.png,1
014342.png,2
014343.png,3
014344.png,0
014345.png,1
014346.png,2
014347.png,3
014348.png,0
014349.png,1
014350.png,2
014351.png,3
014352.png,0
014353.png,1
014354.png,2
014355.png,3
014356.png,0
014357.png,1
014358.png,2
014359.png,3
014360.png,0
014361.png,1
014362.png,2
014363.png,3
014364.png,0
014365.png,1
014366.png,2
014367.png,3
014368.png,0
014369.png,1
014370.png,2
014371.png,3
014372.png,0
014373.png,1
014374.png,2
014375.png,3
014376.png,0
014377.png,1
014378.png,2
014379.png,3
014380.png,0
014381.png,1
014382.png,2
014383.png,3
014384.png,0
014385.png,1
014386.png,2
014387.png,3
014388.png,0
014389.png,1
014390.png,2
014391.png,3
014392.png,0
014393.png,1
014394.png,2
014395.png,3
014396.png,0
014397.png,1
014398.png,2
014399.png,3
014400.png,0
014401.png,1
014402.png,2
014403.png,3
014404.png,0
014405.png,1
014406.png,2
014407.png,3
014408.png,0
014409.png,1
014410.png,2
014411.png,3
014412.png,0
014413.png,1
014414.png,2
014415.png,3
014416.png,0
014417.png,1
014418.png,2
014419.png,3
014420.png,0
014421.png,1
014422.png,2
014423.png,3
014424.png,0
014425.png,1
014426.png,2
014427.png,3
014428.png,0
014429.png,1
014430.png,2
014431.png,3
014432.png,0
014433.png,1
014434.png,2
014435.png,3
014436.png,0
014437.png,1
014438.png,2
014439.png,3
014440.png,0
014441.png,1
014442.png,2
014443.png,3
014444.png,0
014445.png,1
014446.png,2
014447.png,3
014448.png,0
014449.png,1
014450.png,2
014451.png,3
014452.png,0
014453.png,1
014454.png,2
014455.png,3
014456.png,0
014457.png,1
014458.png,2
014459.png,3
014460.png,0
014461.png,1
014462.png,2
014463.png,3
014464.png,0
014465.png,1
014466.png,2
014467.png,3
014468.png,0
014469.png,1
014470.png,2
014471.png,3
014472.png,0
014473.png,1
014474.png,2
014475.png,3
014476.png,0
014477.png,1
014478.png,2
014479.png,3
014480.png,0
014481.png,1
014482.png,2
014483.png,3
014484.png,0
014485.png,1
014486.png,2
014487.png,3
014488.png,0
014489.png,1
014490.png,2
014491.png,3
014492.png,0
014493.png,1
014494.png,2
014495.png,3
014496.png,0
014497.png,1
014498.png,2
014499.png,3
014500.png,0
014501.png,1
014502.png,2
014503.png,3
014504.png,0
014505.png,1
014506.png,2
014507.png,3
014508.png,0
014509.png,1
014510.png,2
014511.png,3
014512.png,0
014513.png,1
014514.png,2
014515.png,3
014516.png,0
014517.png,1
014518.png,2
014519.png,3
014520.png,0
014521.png,1
014522.png,2
014523.png,3
014524.png,0
014525.png,1
014526.png,2
014527.png,3
014528.png,0
014529.png,1
014530.png,2
014531.png,3
014532.png,0
014533.png,1
014534.png,2
014535.png,3
014536.png,0
014537.png,1
014538.png,2
014539.png,3
014540.png,0
014541.png,1
014542.png,2
014543.png,3
014544.png,0
014545.png,1
014546.png,2
014547.png,3
014548.png,0
014549.png,1
014550.png,2
014551.png,3
014552.png,0
014553.png,1
014554.png,2
014555.png,3
014556.png,0
014557.png,1
014558.png,2
014559.png,3
014560.png,0
014561.png,1
014562.png,2
014563.png,3
014564.png,0
014565.png,1
014566.png,2
014567.png,3
014568.png,0
014569.png,1
014570.png,2
014571.png,3
014572.png,0
014573.png,1
014574.png,2
014575.png,3
014576.png,0
014577.png,1
014578.png,2
014579.png,3
014580.png,0
014581.png,1
014582.png,2
014583.png,3
014584.png,0
014585.png,1
014586.png,2
014587.png,3
014588.png,0
014589.png,1
014590.png,2
014591.png,3
014592.png,0
014593.png,1
014594.png,2
014595.png,3
014596.png,0
014597.png,1
014598.png,2
014599.png,3
014600.png,0
014601.png,1
014602.png,2
014603.png,3
014604.png,0
014605.png,1
014606.png,2
014607.png,3
014608.png,0
014609.png,1
014610.png,2
014611.png,3
014612.png,0
014613.png,1
014614.png,2
014615.png,3
014616.png,0
014617.png,1
014618.png,2
014619.png,3
014620.png,0
014621.png,1
014622.png,2
014623.png,3
014624.png,0
014625.png,1
014626.png,2
014627.png,3
014628.png,0
014629.png,1
014630.png,2
014631.png,3
014632.png,0
014633.png,1
014634.png,2
014635.png,3
014636.png,0
014637.png,1
014638.png,2
014639.png,3
014640.png,0
014641.png,1
014642.png,2
014643.png,3
014644.png,0
014645.png,1
014646.png,2
014647.png,3
014648.png,0
014649.png,1
014650.png,2
014651.png,3
014652.png,0
014653.png,1
014654.png,2
014655.png,3
014656.png,0
014657.png,1
014658.png,2
014659.png,3
014660.png,0
014661.png,1
014662.png,2
014663.png,3
014664.png,0
014665.png,1
014666.png,2
014667.png,3
014668.png,0
014669.png,1
014670.png,2
014671.png,3
014672.png,0
014673.png,1
014674.png,2
014675.png,3
014676.png,0
014677.png,1
014678.png,2
014679.png,3
014680.png,0
014681.png,1
014682.png,2
014683.png,3
014684.png,0
014685.png,1
014686.png,2
014687.png,3
014688.png,0
014689.png,1
014690.png,2
014691.png,3
014692.png,0
014693.png,1
014694.png,2
014695.png,3
014696.png,0
014697.png,1
014698.png,2
014699.png,3
014700.png,0
014701.png,1
014702.png,2
014703.png,3
014704.png,0
014705.png,1
014706.png,2
014707.png,3
014708.png,0
014709.png,1
014710.png,2
014711.png,3
014712.png,0
014713.png,1
014714.png,2
014715.png,3
014716.png,0
014717.png,1
014718.png,2
014719.png,3
014720.png,0
014721.png,1
014722.png,2
014723.png,3
014724.png,0
014725.png,1
014726.png,2
014727.png,3
014728.png,0
014729.png,1
014730.png,2
014731.png,3
014732.png,0
014733.png,1
014734.png,2
014735.png,3
014736.png,0
014737.png,1
014738.png,2
014739.png,3
014740.png,0
014741.png,1
014742.png,2
014743.png,3
014744.png,0
014745.png,1
014746.png,2
014747.png,3
014748.png,0
014749.png,1
014750.png,2
014751.png,3
014752.png,0
014753.png,1
014754.png,2
014755.png,3
014756.png,0
014757.png,1
014758.png,2
014759.png,3
014760.png,0
014761.png,1
014762.png,2
014763.png,3
014764.png,0
014765.png,1
014766.png,2
014767.png,3
014768.png,0
014769.png,1
014770.png,2
014771.png,3
014772.png,0
014773.png,1
014774.png,2
014775.png,3
014776.png,0
014777.png,1
014778.png,2
014779.png,3
014780.png,0
014781.png,1
014782.png,2
014783.png,3
014784.png,0
014785.png,1
014786.png,2
014787.png,3
014788.png,0
014789.png,1
014790.png,2
014791.png,3
014792.png,0
014793.png,1
014794.png,2
014795.png,3
014796.png,0
014797.png,1
014798.png,2
014799.png,3
014800.png,0
014801.png,1
014802.png,2
014803.png,3
014804.png,0
014805.png,1
014806.png,2
014807.png,3
014808.png,0
014809.png,1
014810.png,2
014811.png,3
014812.png,0
014813.png,1
014814.png,2
014815.png,3
014816.png,0
014817.png,1
014818.png,2
014819.png,3
014820.png,0
014821.png,1
014822.png,2
014823.png,3
014824.png,0
014825.png,1
014826.png,2
014827.png,3
014828.png,0
014829.png,1
014830.png,2
014831.png,3
014832.png,0
014833.png,1
014834.png,2
014835.png,3
014836.png,0
014837.png,1
014838.png,2
014839.png,3
014840.png,0
014841.png,1
014842.png,2
014843.png,3
014844.png,0
014845.png,1
014846.png,2
014847.png,3
014848.png,0
014849.png,1
014850.png,2
014851.png,3
014852.png,0
014853.png,1
014854.png,2
014855.png,3
014856.png,0
014857.png,1
014858.png,2
014859.png,3
014860.png,0
014861.png,1
014862.png,2
014863.png,3
014864.png,0
014865.png,1
014866.png,2
014867.png,3
014868.png,0
014869.png,1
014870.png,2
014871.png,3
014872.png,0
014873.png,1
014874.png,2
014875.png,3
014876.png,0
014877.png,1
014878.png,2
014879.png,3
014880.png,0
014881.png,1
014882.png,2
014883.png,3
014884.png,0
014885.png,1
014886.png,2
014887.png,3
014888.png,0
014889.png,1
014890.png,2
014891.png,3
014892.png,0
014893.png,1
014894.png,2
014895.png,3
014896.png,0
014897.png,1
014898.png,2
014899.png,3
014900.png,0
014901.png,1
014902.png,2
014903.png,3
014904.png,0
014905.png,1
014906.png,2
014907.png,3
014908.png,0
014909.png,1
014910.png,2
014911.png,3
014912.png,0
014913.png,1
014914.png,2
014915.png,3
014916.png,0
014917.png,1
014918.png,2
014919.png,3
014920.png,0
014921.png,1
014922.png,2
014923.png,3
014924.png,0
014925.png,1
014926.png,2
014927.png,3
014928.png,0
014929.png,1
014930.png,2
014931.png,3
014932.png,0
014933.png,1
014934.png,2
014935.png,3
014936.png,0
014937.png,1
014938.png,2
014939.png,3
014940.png,0
014941.png,1
014942.png,2
014943.png,3
014944.png,0
014945.png,1
014946.png,2
014947.png,3
014948.png,0
014949.png,1
014950.png,2
014951.png,3
014952.png,0
014953.png,1
014954.png,2
014955.png,3
014956.png,0
014957.png,1
014958.png,2
014959.png,3
014960.png,0
014961.png,1
014962.png,2
014963.png,3
014964.png,0
014965.png,1
014966.png,2
014967.png,3
014968.png,0
014969.png,1
014970.png,2
014971.png,3
014972.png,0
014973.png,1
014974.png,2
014975.png,3
014976.png,0
014977.png,1
014978.png,2
014979.png,3
014980.png,0
014981.png,1
014982.png,2
014983.png,3
014984.png,0
014985.png,1
014986.png,2
014987.png,3
014988.png,0
014989.png,1
014990.png,2
014991.png,3
014992.png,0
014993.png,1
014994.png,2
014995.png,3
014996.png,0
014997.png,1
014998.png,2
014999.png,3
