image_id,count
008000.png,19
008001.png,15
008002.png,7
008003.png,9
008004.png,8
008005.png,7
008006.png,5
008007.png,5
008008.png,8
008009.png,3
008010.png,17
008011.png,14
008012.png,14
008013.png,16
008014.png,3
008015.png,5
008016.png,5
008017.png,20
008018.png,11
008019.png,13
008020.png,9
008021.png,22
008022.png,8
008023.png,12
008024.png,12
008025.png,11
008026.png,9
008027.png,9
008028.png,11
008029.png,13
008030.png,4
008031.png,13
008032.png,6
008033.png,10
008034.png,15
008035.png,10
008036.png,5
008037.png,15
008038.png,17
008039.png,9
008040.png,10
008041.png,11
008042.png,14
008043.png,6
008044.png,9
008045.png,11
008046.png,6
008047.png,14
008048.png,18
008049.png,5
008050.png,2
008051.png,14
008052.png,13
008053.png,16
008054.png,10
008055.png,19
008056.png,10
008057.png,2
008058.png,5
008059.png,13
008060.png,18
008061.png,13
008062.png,6
008063.png,9
008064.png,3
008065.png,22
008066.png,11
008067.png,11
008068.png,12
008069.png,11
008070.png,13
008071.png,11
008072.png,4
008073.png,21
008074.png,22
008075.png,10
008076.png,14
008077.png,9
008078.png,3
008079.png,17
008080.png,7
008081.png,14
008082.png,17
008083.png,14
008084.png,8
008085.png,24
008086.png,7
008087.png,12
008088.png,11
008089.png,9
008090.png,15
008091.png,6
008092.png,8
008093.png,18
008094.png,10
008095.png,9
008096.png,19
008097.png,17
008098.png,12
008099.png,10
008100.png,14
008101.png,6
008102.png,14
008103.png,4
008104.png,10
008105.png,20
008106.png,8
008107.png,13
008108.png,19
008109.png,20
008110.png,6
008111.png,8
008112.png,15
008113.png,2
008114.png,18
008115.png,8
008116.png,6
008117.png,7
008118.png,9
008119.png,17
008120.png,12
008121.png,14
008122.png,10
008123.png,16
008124.png,13
008125.png,21
008126.png,8
008127.png,10
008128.png,13
008129.png,12
008130.png,4
008131.png,5
008132.png,11
008133.png,1
008134.png,13
008135.png,9
008136.png,17
008137.png,13
008138.png,7
008139.png,11
008140.png,9
008141.png,10
008142.png,18
008143.png,8
008144.png,16
008145.png,15
008146.png,12
008147.png,13
008148.png,20
008149.png,23
008150.png,13
008151.png,6
008152.png,11
008153.png,7
008154.png,20
008155.png,9
008156.png,1
008157.png,10
008158.png,4
008159.png,7
008160.png,22
008161.png,14
008162.png,9
008163.png,7
008164.png,17
008165.png,19
008166.png,3
008167.png,7
008168.png,8
008169.png,7
008170.png,12
008171.png,7
008172.png,15
008173.png,6
008174.png,20
008175.png,21
008176.png,14
008177.png,12
008178.png,14
008179.png,17
008180.png,6
008181.png,5
008182.png,17
008183.png,13
008184.png,14
008185.png,17
008186.png,14
008187.png,13
008188.png,11
008189.png,11
008190.png,5
008191.png,22
008192.png,20
008193.png,5
008194.png,16
008195.png,8
008196.png,7
008197.png,16
008198.png,6
008199.png,7
008200.png,3
008201.png,6
008202.png,15
008203.png,8
008204.png,6
008205.png,14
008206.png,9
008207.png,23
008208.png,11
008209.png,24
008210.png,5
008211.png,11
008212.png,24
008213.png,14
008214.png,7
008215.png,17
008216.png,12
008217.png,19
008218.png,8
008219.png,21
008220.png,12
008221.png,11
008222.png,13
008223.png,10
008224.png,14
008225.png,17
008226.png,15
008227.png,7
008228.png,12
008229.png,22
008230.png,14
008231.png,13
008232.png,15
008233.png,17
008234.png,10
008235.png,18
008236.png,18
008237.png,7
008238.png,3
008239.png,28
008240.png,21
008241.png,7
008242.png,17
008243.png,15
008244.png,19
008245.png,13
008246.png,10
008247.png,25
008248.png,25
008249.png,11
008250.png,7
008251.png,9
008252.png,11
008253.png,19
008254.png,15
008255.png,27
008256.png,9
008257.png,9
008258.png,6
008259.png,16
008260.png,19
008261.png,12
008262.png,14
008263.png,10
008264.png,19
008265.png,18
008266.png,21
008267.png,12
008268.png,7
008269.png,3
008270.png,13
008271.png,14
008272.png,14
008273.png,8
008274.png,14
008275.png,20
008276.png,11
008277.png,21
008278.png,12
008279.png,6
008280.png,11
008281.png,15
008282.png,4
008283.png,6
008284.png,13
008285.png,7
008286.png,14
008287.png,15
008288.png,15
008289.png,21
008290.png,15
008291.png,21
008292.png,8
008293.png,4
008294.png,18
008295.png,14
008296.png,13
008297.png,6
008298.png,26
008299.png,4
008300.png,7
008301.png,18
008302.png,15
008303.png,11
008304.png,7
008305.png,20
008306.png,9
008307.png,17
008308.png,18
008309.png,18
008310.png,12
008311.png,12
008312.png,10
008313.png,15
008314.png,8
008315.png,12
008316.png,8
008317.png,11
008318.png,13
008319.png,10
008320.png,4
008321.png,14
008322.png,14
008323.png,10
008324.png,8
008325.png,7
008326.png,12
008327.png,17
008328.png,18
008329.png,24
008330.png,11
008331.png,14
008332.png,17
008333.png,10
008334.png,10
008335.png,11
008336.png,7
008337.png,9
008338.png,14
008339.png,12
008340.png,10
008341.png,2
008342.png,4
008343.png,11
008344.png,11
008345.png,21
008346.png,3
008347.png,16
008348.png,4
008349.png,10
008350.png,5
008351.png,8
008352.png,7
008353.png,10
008354.png,9
008355.png,12
008356.png,6
008357.png,6
008358.png,14
008359.png,3
008360.png,8
008361.png,12
008362.png,8
008363.png,11
008364.png,14
008365.png,12
008366.png,15
008367.png,10
008368.png,28
008369.png,10
008370.png,12
008371.png,6
008372.png,5
008373.png,14
008374.png,19
008375.png,11
008376.png,16
008377.png,4
008378.png,8
008379.png,15
008380.png,8
008381.png,7
008382.png,9
008383.png,12
008384.png,22
008385.png,9
008386.png,25
008387.png,8
008388.png,19
008389.png,4
008390.png,19
008391.png,11
008392.png,17
008393.png,13
008394.png,5
008395.png,13
008396.png,22
008397.png,16
008398.png,1
008399.png,7
008400.png,3
008401.png,9
008402.png,13
008403.png,8
008404.png,20
008405.png,12
008406.png,7
008407.png,17
008408.png,17
008409.png,21
008410.png,10
008411.png,20
008412.png,21
008413.png,12
008414.png,10
008415.png,5
008416.png,13
008417.png,15
008418.png,12
008419.png,5
008420.png,18
008421.png,9
008422.png,9
008423.png,22
008424.png,3
008425.png,14
008426.png,6
008427.png,5
008428.png,10
008429.png,6
008430.png,15
008431.png,8
008432.png,2
008433.png,12
008434.png,16
008435.png,11
008436.png,14
008437.png,17
008438.png,13
008439.png,2
008440.png,12
008441.png,7
008442.png,15
008443.png,11
008444.png,6
008445.png,11
008446.png,21
008447.png,9
008448.png,16
008449.png,6
008450.png,17
008451.png,7
008452.png,9
008453.png,12
008454.png,14
008455.png,10
008456.png,8
008457.png,16
008458.png,6
008459.png,15
008460.png,11
008461.png,15
008462.png,15
008463.png,19
008464.png,9
008465.png,16
008466.png,13
008467.png,16
008468.png,10
008469.png,6
008470.png,7
008471.png,7
008472.png,7
008473.png,9
008474.png,10
008475.png,19
008476.png,21
008477.png,13
008478.png,4
008479.png,17
008480.png,9
008481.png,18
008482.png,4
008483.png,26
008484.png,25
008485.png,18
008486.png,21
008487.png,6
008488.png,18
008489.png,16
008490.png,21
008491.png,19
008492.png,3
008493.png,8
008494.png,13
008495.png,9
008496.png,9
008497.png,11
008498.png,5
008499.png,9
008500.png,11
008501.png,13
008502.png,13
008503.png,10
008504.png,5
008505.png,3
008506.png,10
008507.png,10
008508.png,21
008509.png,15
008510.png,9
008511.png,11
008512.png,17
008513.png,10
008514.png,6
008515.png,19
008516.png,12
008517.png,12
008518.png,7
008519.png,24
008520.png,16
008521.png,17
008522.png,10
008523.png,17
008524.png,12
008525.png,11
008526.png,14
008527.png,12
008528.png,10
008529.png,11
008530.png,10
008531.png,7
008532.png,2
008533.png,10
008534.png,8
008535.png,15
008536.png,7
008537.png,15
008538.png,19
008539.png,9
008540.png,9
008541.png,20
008542.png,5
008543.png,2
008544.png,6
008545.png,13
008546.png,11
008547.png,12
008548.png,10
008549.png,6
008550.png,9
008551.png,20
008552.png,14
008553.png,12
008554.png,20
008555.png,6
008556.png,13
008557.png,10
008558.png,3
008559.png,16
008560.png,13
008561.png,5
008562.png,9
008563.png,11
008564.png,16
008565.png,9
008566.png,7
008567.png,3
008568.png,7
008569.png,3
008570.png,15
008571.png,9
008572.png,6
008573.png,7
008574.png,8
008575.png,9
008576.png,20
008577.png,8
008578.png,5
008579.png,2
008580.png,9
008581.png,21
008582.png,10
008583.png,6
008584.png,12
008585.png,9
008586.png,10
008587.png,18
008588.png,12
008589.png,13
008590.png,13
008591.png,16
008592.png,16
008593.png,27
008594.png,13
008595.png,20
008596.png,4
008597.png,16
008598.png,7
008599.png,4
008600.png,15
008601.png,9
008602.png,19
008603.png,22
008604.png,12
008605.png,7
008606.png,11
008607.png,7
008608.png,18
008609.png,16
008610.png,9
008611.png,16
008612.png,14
008613.png,6
008614.png,7
008615.png,6
008616.png,12
008617.png,16
008618.png,4
008619.png,13
008620.png,2
008621.png,5
008622.png,15
008623.png,11
008624.png,3
008625.png,12
008626.png,22
008627.png,22
008628.png,10
008629.png,6
008630.png,9
008631.png,16
008632.png,15
008633.png,8
008634.png,16
008635.png,16
008636.png,5
008637.png,1
008638.png,14
008639.png,17
008640.png,9
008641.png,18
008642.png,22
008643.png,14
008644.png,6
008645.png,12
008646.png,18
008647.png,7
008648.png,11
008649.png,15
008650.png,5
008651.png,11
008652.png,6
008653.png,22
008654.png,24
008655.png,11
008656.png,9
008657.png,4
008658.png,13
008659.png,8
008660.png,14
008661.png,12
008662.png,7
008663.png,5
008664.png,12
008665.png,13
008666.png,14
008667.png,6
008668.png,16
008669.png,7
008670.png,3
008671.png,4
008672.png,6
008673.png,8
008674.png,5
008675.png,13
008676.png,7
008677.png,12
008678.png,10
008679.png,23
008680.png,20
008681.png,9
008682.png,8
008683.png,8
008684.png,14
008685.png,8
008686.png,9
008687.png,5
008688.png,13
008689.png,22
008690.png,7
008691.png,3
008692.png,12
008693.png,10
008694.png,7
008695.png,10
008696.png,9
008697.png,8
008698.png,9
008699.png,8
008700.png,10
008701.png,8
008702.png,7
008703.png,9
008704.png,5
008705.png,2
008706.png,9
008707.png,18
008708.png,10
008709.png,15
008710.png,18
008711.png,6
008712.png,13
008713.png,18
008714.png,3
008715.png,10
008716.png,9
008717.png,13
008718.png,19
008719.png,10
008720.png,11
008721.png,11
008722.png,13
008723.png,5
008724.png,7
008725.png,18
008726.png,5
008727.png,13
008728.png,12
008729.png,13
008730.png,9
008731.png,15
008732.png,10
008733.png,10
008734.png,17
008735.png,5
008736.png,10
008737.png,17
008738.png,15
008739.png,19
008740.png,6
008741.png,6
008742.png,10
008743.png,15
008744.png,17
008745.png,6
008746.png,13
008747.png,6
008748.png,13
008749.png,17
008750.png,13
008751.png,5
008752.png,7
008753.png,8
008754.png,13
008755.png,15
008756.png,11
008757.png,10
008758.png,16
008759.png,7
008760.png,6
008761.png,20
008762.png,4
008763.png,6
008764.png,11
008765.png,16
008766.png,8
008767.png,17
008768.png,12
008769.png,19
008770.png,9
008771.png,21
008772.png,6
008773.png,12
008774.png,12
008775.png,11
008776.png,13
008777.png,9
008778.png,10
008779.png,25
008780.png,3
008781.png,6
008782.png,5
008783.png,16
008784.png,4
008785.png,4
008786.png,12
008787.png,15
008788.png,7
008789.png,8
008790.png,13
008791.png,5
008792.png,5
008793.png,6
008794.png,18
008795.png,7
008796.png,8
008797.png,9
008798.png,4
008799.png,14
008800.png,15
008801.png,7
008802.png,7
008803.png,4
008804.png,9
008805.png,22
008806.png,20
008807.png,20
008808.png,7
008809.png,18
008810.png,12
008811.png,9
008812.png,16
008813.png,22
008814.png,19
008815.png,9
008816.png,4
008817.png,16
008818.png,10
008819.png,7
008820.png,17
008821.png,12
008822.png,8
008823.png,22
008824.png,17
008825.png,12
008826.png,14
008827.png,8
008828.png,18
008829.png,18
008830.png,17
008831.png,13
008832.png,23
008833.png,10
008834.png,8
008835.png,3
008836.png,9
008837.png,17
008838.png,18
008839.png,18
008840.png,18
008841.png,8
008842.png,6
008843.png,12
008844.png,12
008845.png,7
008846.png,7
008847.png,9
008848.png,11
008849.png,12
008850.png,10
008851.png,8
008852.png,18
008853.png,4
008854.png,3
008855.png,23
008856.png,18
008857.png,21
008858.png,8
008859.png,11
008860.png,4
008861.png,11
008862.png,10
008863.png,22
008864.png,7
008865.png,17
008866.png,14
008867.png,16
008868.png,5
008869.png,9
008870.png,3
008871.png,11
008872.png,8
008873.png,12
008874.png,6
008875.png,20
008876.png,0
008877.png,6
008878.png,18
008879.png,16
008880.png,20
008881.png,22
008882.png,20
008883.png,14
008884.png,10
008885.png,10
008886.png,7
008887.png,17
008888.png,5
008889.png,8
008890.png,9
008891.png,8
008892.png,6
008893.png,5
008894.png,3
008895.png,6
008896.png,6
008897.png,15
008898.png,9
008899.png,14
008900.png,14
008901.png,8
008902.png,7
008903.png,9
008904.png,8
008905.png,17
008906.png,23
008907.png,13
008908.png,4
008909.png,9
008910.png,8
008911.png,20
008912.png,13
008913.png,6
008914.png,14
008915.png,9
008916.png,18
008917.png,22
008918.png,3
008919.png,7
008920.png,6
008921.png,6
008922.png,18
008923.png,12
008924.png,12
008925.png,2
008926.png,10
008927.png,14
008928.png,3
008929.png,18
008930.png,21
008931.png,11
008932.png,12
008933.png,10
008934.png,14
008935.png,13
008936.png,18
008937.png,16
008938.png,10
008939.png,10
008940.png,10
008941.png,12
008942.png,15
008943.png,7
008944.png,16
008945.png,11
008946.png,6
008947.png,19
008948.png,8
008949.png,17
008950.png,4
008951.png,25
008952.png,11
008953.png,5
008954.png,16
008955.png,10
008956.png,11
008957.png,14
008958.png,10
008959.png,11
008960.png,14
008961.png,7
008962.png,12
008963.png,13
008964.png,5
008965.png,14
008966.png,13
008967.png,19
008968.png,10
008969.png,16
008970.png,18
008971.png,16
008972.png,3
008973.png,6
008974.png,20
008975.png,11
008976.png,7
008977.png,13
008978.png,18
008979.png,10
008980.png,6
008981.png,23
008982.png,8
008983.png,17
008984.png,9
008985.png,9
008986.png,10
008987.png,17
008988.png,9
008989.png,13
008990.png,10
008991.png,6
008992.png,7
008993.png,14
008994.png,4
008995.png,22
008996.png,12
008997.png,11
008998.png,16
008999.png,5
009000.png,12
009001.png,16
009002.png,12
009003.png,12
009004.png,17
009005.png,7
009006.png,17
009007.png,12
009008.png,8
009009.png,14
009010.png,9
009011.png,13
009012.png,17
009013.png,15
009014.png,6
009015.png,9
009016.png,12
009017.png,2
009018.png,1
009019.png,17
009020.png,3
009021.png,13
009022.png,6
009023.png,6
009024.png,7
009025.png,18
009026.png,8
009027.png,11
009028.png,14
009029.png,16
009030.png,6
009031.png,4
009032.png,15
009033.png,13
009034.png,22
009035.png,9
009036.png,17
009037.png,10
009038.png,11
009039.png,11
009040.png,13
009041.png,11
009042.png,15
009043.png,6
009044.png,9
009045.png,6
009046.png,12
009047.png,8
009048.png,15
009049.png,8
009050.png,21
009051.png,7
009052.png,2
009053.png,16
009054.png,10
009055.png,6
009056.png,5
009057.png,3
009058.png,4
009059.png,19
009060.png,13
009061.png,14
009062.png,10
009063.png,11
009064.png,14
009065.png,11
009066.png,14
009067.png,22
009068.png,16
009069.png,7
009070.png,8
009071.png,7
009072.png,13
009073.png,7
009074.png,16
009075.png,7
009076.png,11
009077.png,6
009078.png,11
009079.png,12
009080.png,12
009081.png,14
009082.png,6
009083.png,7
009084.png,16
009085.png,13
009086.png,8
009087.png,5
009088.png,11
009089.png,11
009090.png,19
009091.png,8
009092.png,5
009093.png,12
009094.png,8
009095.png,13
009096.png,21
009097.png,9
009098.png,13
009099.png,17
009100.png,12
009101.png,8
009102.png,3
009103.png,8
009104.png,21
009105.png,11
009106.png,6
009107.png,7
009108.png,12
009109.png,18
009110.png,21
009111.png,2
009112.png,7
009113.png,16
009114.png,18
009115.png,6
009116.png,24
009117.png,13
009118.png,23
009119.png,8
009120.png,10
009121.png,21
009122.png,10
009123.png,1
009124.png,10
009125.png,17
009126.png,13
009127.png,9
009128.png,5
009129.png,7
009130.png,14
009131.png,8
009132.png,12
009133.png,10
009134.png,13
009135.png,6
009136.png,10
009137.png,7
009138.png,14
009139.png,16
009140.png,16
009141.png,13
009142.png,12
009143.png,7
009144.png,8
009145.png,8
009146.png,6
009147.png,10
009148.png,10
009149.png,3
009150.png,15
009151.png,15
009152.png,9
009153.png,17
009154.png,11
009155.png,9
009156.png,4
009157.png,12
009158.png,1
009159.png,6
009160.png,9
009161.png,19
009162.png,7
009163.png,16
009164.png,8
009165.png,24
009166.png,12
009167.png,7
009168.png,15
009169.png,26
009170.png,7
009171.png,4
009172.png,11
009173.png,5
009174.png,10
009175.png,17
009176.png,7
009177.png,20
009178.png,13
009179.png,11
009180.png,5
009181.png,11
009182.png,20
009183.png,18
009184.png,5
009185.png,18
009186.png,18
009187.png,13
009188.png,9
009189.png,7
009190.png,12
009191.png,19
009192.png,18
009193.png,16
009194.png,8
009195.png,2
009196.png,2
009197.png,3
009198.png,16
009199.png,8
009200.png,14
009201.png,13
009202.png,16
009203.png,14
009204.png,21
009205.png,9
009206.png,8
009207.png,17
009208.png,9
009209.png,21
009210.png,9
009211.png,7
009212.png,20
009213.png,14
009214.png,5
009215.png,12
009216.png,20
009217.png,11
009218.png,6
009219.png,14
009220.png,2
009221.png,13
009222.png,11
009223.png,8
009224.png,10
009225.png,12
009226.png,22
009227.png,11
009228.png,9
009229.png,9
009230.png,6
009231.png,11
009232.png,10
009233.png,11
009234.png,19
009235.png,4
009236.png,12
009237.png,3
009238.png,9
009239.png,6
009240.png,5
009241.png,10
009242.png,19
009243.png,13
009244.png,11
009245.png,12
009246.png,7
009247.png,8
009248.png,8
009249.png,4
009250.png,18
009251.png,13
009252.png,11
009253.png,11
009254.png,11
009255.png,6
009256.png,24
009257.png,7
009258.png,4
009259.png,17
009260.png,7
009261.png,10
009262.png,13
009263.png,15
009264.png,3
009265.png,7
009266.png,9
009267.png,18
009268.png,20
009269.png,5
009270.png,19
009271.png,10
009272.png,8
009273.png,11
009274.png,6
009275.png,16
009276.png,11
009277.png,17
009278.png,15
009279.png,9
009280.png,4
009281.png,9
009282.png,2
009283.png,7
009284.png,11
009285.png,3
009286.png,10
009287.png,13
009288.png,11
009289.png,11
009290.png,14
009291.png,20
009292.png,6
009293.png,13
009294.png,10
009295.png,13
009296.png,7
009297.png,10
009298.png,8
009299.png,16
009300.png,4
009301.png,5
009302.png,17
009303.png,5
009304.png,14
009305.png,4
009306.png,21
009307.png,11
009308.png,14
009309.png,11
009310.png,14
009311.png,16
009312.png,4
009313.png,11
009314.png,15
009315.png,10
009316.png,11
009317.png,15
009318.png,12
009319.png,9
009320.png,7
009321.png,14
009322.png,9
009323.png,17
009324.png,24
009325.png,5
009326.png,11
009327.png,11
009328.png,10
009329.png,13
009330.png,10
009331.png,10
009332.png,4
009333.png,16
009334.png,17
009335.png,14
009336.png,6
009337.png,21
009338.png,18
009339.png,6
009340.png,7
009341.png,17
009342.png,4
009343.png,11
009344.png,7
009345.png,14
009346.png,20
009347.png,5
009348.png,5
009349.png,6
009350.png,23
009351.png,23
009352.png,17
009353.png,6
009354.png,5
009355.png,2
009356.png,8
009357.png,15
009358.png,7
009359.png,19
009360.png,20
009361.png,19
009362.png,13
009363.png,7
009364.png,14
009365.png,7
009366.png,7
009367.png,10
009368.png,19
009369.png,4
009370.png,21
009371.png,19
009372.png,19
009373.png,17
009374.png,5
009375.png,13
009376.png,10
009377.png,14
009378.png,6
009379.png,8
009380.png,7
009381.png,7
009382.png,3
009383.png,10
009384.png,10
009385.png,11
009386.png,16
009387.png,4
009388.png,12
009389.png,7
009390.png,13
009391.png,8
009392.png,16
009393.png,12
009394.png,9
009395.png,7
009396.png,12
009397.png,9
009398.png,7
009399.png,18
009400.png,9
009401.png,7
009402.png,12
009403.png,25
009404.png,6
009405.png,9
009406.png,11
009407.png,15
009408.png,8
009409.png,4
009410.png,1
009411.png,9
009412.png,14
009413.png,11
009414.png,5
009415.png,11
009416.png,11
009417.png,14
009418.png,9
009419.png,5
009420.png,14
009421.png,18
009422.png,19
009423.png,13
009424.png,11
009425.png,9
009426.png,21
009427.png,12
009428.png,5
009429.png,6
009430.png,4
009431.png,16
009432.png,4
009433.png,11
009434.png,11
009435.png,13
009436.png,16
009437.png,19
009438.png,18
009439.png,9
009440.png,10
009441.png,11
009442.png,10
009443.png,7
009444.png,3
009445.png,7
009446.png,6
009447.png,17
009448.png,23
009449.png,9
009450.png,17
009451.png,6
009452.png,6
009453.png,8
009454.png,18
009455.png,25
009456.png,19
009457.png,25
009458.png,12
009459.png,7
009460.png,10
009461.png,4
009462.png,12
009463.png,12
009464.png,13
009465.png,8
009466.png,12
009467.png,6
009468.png,9
009469.png,7
009470.png,11
009471.png,16
009472.png,20
009473.png,15
009474.png,14
009475.png,6
009476.png,15
009477.png,4
009478.png,6
009479.png,12
009480.png,5
009481.png,22
009482.png,8
009483.png,19
009484.png,9
009485.png,8
009486.png,19
009487.png,11
009488.png,15
009489.png,10
009490.png,16
009491.png,9
009492.png,15
009493.png,17
009494.png,12
009495.png,14
009496.png,11
009497.png,15
009498.png,19
009499.png,12
009500.png,6
009501.png,26
009502.png,4
009503.png,11
009504.png,11
009505.png,5
009506.png,9
009507.png,9
009508.png,11
009509.png,10
009510.png,10
009511.png,1
009512.png,1
009513.png,12
009514.png,7
009515.png,10
009516.png,11
009517.png,12
009518.png,3
009519.png,15
009520.png,5
009521.png,6
009522.png,4
009523.png,14
009524.png,11
009525.png,12
009526.png,14
009527.png,19
009528.png,13
009529.png,18
009530.png,23
009531.png,23
009532.png,18
009533.png,14
009534.png,7
009535.png,22
009536.png,13
009537.png,17
009538.png,12
009539.png,4
009540.png,9
009541.png,4
009542.png,10
009543.png,13
009544.png,18
009545.png,16
009546.png,13
009547.png,6
009548.png,13
009549.png,2
009550.png,5
009551.png,10
009552.png,6
009553.png,5
009554.png,5
009555.png,20
009556.png,21
009557.png,10
009558.png,12
009559.png,9
009560.png,6
009561.png,6
009562.png,11
009563.png,9
009564.png,13
009565.png,5
009566.png,13
009567.png,25
009568.png,17
009569.png,14
009570.png,14
009571.png,21
009572.png,9
009573.png,15
009574.png,15
009575.png,8
009576.png,9
009577.png,19
009578.png,17
009579.png,5
009580.png,20
009581.png,5
009582.png,14
009583.png,7
009584.png,10
009585.png,13
009586.png,5
009587.png,10
009588.png,3
009589.png,14
009590.png,20
009591.png,6
009592.png,7
009593.png,8
009594.png,19
009595.png,14
009596.png,5
009597.png,8
009598.png,16
009599.png,14
009600.png,14
009601.png,7
009602.png,15
009603.png,11
009604.png,8
009605.png,17
009606.png,16
009607.png,16
009608.png,9
009609.png,13
009610.png,5
009611.png,18
009612.png,8
009613.png,11
009614.png,17
009615.png,21
009616.png,8
009617.png,12
009618.png,27
009619.png,13
009620.png,13
009621.png,11
009622.png,24
009623.png,11
009624.png,8
009625.png,7
009626.png,15
009627.png,6
009628.png,19
009629.png,17
009630.png,10
009631.png,25
009632.png,12
009633.png,13
009634.png,2
009635.png,12
009636.png,24
009637.png,12
009638.png,13
009639.png,2
009640.png,22
009641.png,8
009642.png,13
009643.png,5
009644.png,9
009645.png,23
009646.png,12
009647.png,17
009648.png,10
009649.png,9
009650.png,17
009651.png,15
009652.png,10
009653.png,19
009654.png,2
009655.png,14
009656.png,8
009657.png,17
009658.png,10
009659.png,16
009660.png,4
009661.png,11
009662.png,3
009663.png,10
009664.png,6
009665.png,8
009666.png,3
009667.png,11
009668.png,6
009669.png,24
009670.png,18
009671.png,11
009672.png,11
009673.png,13
009674.png,2
009675.png,7
009676.png,9
009677.png,20
009678.png,4
009679.png,11
009680.png,18
009681.png,23
009682.png,13
009683.png,4
009684.png,18
009685.png,5
009686.png,8
009687.png,22
009688.png,9
009689.png,17
009690.png,17
009691.png,14
009692.png,15
009693.png,14
009694.png,12
009695.png,4
009696.png,17
009697.png,9
009698.png,12
009699.png,4
009700.png,5
009701.png,17
009702.png,8
009703.png,11
009704.png,20
009705.png,14
009706.png,10
009707.png,3
009708.png,9
009709.png,15
009710.png,15
009711.png,11
009712.png,7
009713.png,14
009714.png,10
009715.png,13
009716.png,21
009717.png,9
009718.png,6
009719.png,14
009720.png,6
009721.png,18
009722.png,11
009723.png,7
009724.png,11
009725.png,9
009726.png,19
009727.png,13
009728.png,14
009729.png,22
009730.png,5
009731.png,15
009732.png,11
009733.png,11
009734.png,11
009735.png,11
009736.png,16
009737.png,13
009738.png,17
009739.png,10
009740.png,18
009741.png,12
009742.png,18
009743.png,5
009744.png,17
009745.png,11
009746.png,4
009747.png,10
009748.png,13
009749.png,7
009750.png,21
009751.png,7
009752.png,13
009753.png,13
009754.png,22
009755.png,6
009756.png,15
009757.png,4
009758.png,14
009759.png,25
009760.png,20
009761.png,12
009762.png,19
009763.png,5
009764.png,10
009765.png,8
009766.png,7
009767.png,14
009768.png,8
009769.png,8
009770.png,12
009771.png,6
009772.png,14
009773.png,14
009774.png,17
009775.png,21
009776.png,8
009777.png,13
009778.png,20
009779.png,22
009780.png,17
009781.png,13
009782.png,14
009783.png,8
009784.png,7
009785.png,20
009786.png,16
009787.png,15
009788.png,14
009789.png,12
009790.png,20
009791.png,11
009792.png,9
009793.png,18
009794.png,15
009795.png,7
009796.png,13
009797.png,5
009798.png,20
009799.png,13
009800.png,17
009801.png,19
009802.png,8
009803.png,12
009804.png,9
009805.png,18
009806.png,14
009807.png,10
009808.png,14
009809.png,7
009810.png,10
009811.png,22
009812.png,16
009813.png,4
009814.png,7
009815.png,9
009816.png,6
009817.png,8
009818.png,14
009819.png,15
009820.png,16
009821.png,11
009822.png,18
009823.png,17
009824.png,16
009825.png,11
009826.png,19
009827.png,21
009828.png,9
009829.png,20
009830.png,9
009831.png,4
009832.png,6
009833.png,14
009834.png,5
009835.png,10
009836.png,16
009837.png,16
009838.png,18
009839.png,11
009840.png,7
009841.png,16
009842.png,11
009843.png,4
009844.png,10
009845.png,6
009846.png,24
009847.png,13
009848.png,2
009849.png,11
009850.png,2
009851.png,4
009852.png,19
009853.png,3
009854.png,19
009855.png,14
009856.png,15
009857.png,19
009858.png,2
009859.png,17
009860.png,22
009861.png,8
009862.png,9
009863.png,17
009864.png,24
009865.png,9
009866.png,20
009867.png,6
009868.png,15
009869.png,8
009870.png,13
009871.png,24
009872.png,10
009873.png,24
009874.png,3
009875.png,8
009876.png,7
009877.png,22
009878.png,9
009879.png,5
009880.png,21
009881.png,12
009882.png,10
009883.png,9
009884.png,14
009885.png,17
009886.png,8
009887.png,13
009888.png,6
009889.png,9
009890.png,3
009891.png,14
009892.png,15
009893.png,19
009894.png,12
009895.png,13
009896.png,19
009897.png,3
009898.png,14
009899.png,8
009900.png,10
009901.png,11
009902.png,20
009903.png,20
009904.png,6
009905.png,21
009906.png,19
009907.png,7
009908.png,11
009909.png,13
009910.png,13
009911.png,9
009912.png,4
009913.png,14
009914.png,22
009915.png,8
009916.png,22
009917.png,11
009918.png,14
009919.png,6
009920.png,12
009921.png,23
009922.png,15
009923.png,11
009924.png,20
009925.png,16
009926.png,7
009927.png,7
009928.png,10
009929.png,11
009930.png,7
009931.png,3
009932.png,2
009933.png,9
009934.png,16
009935.png,6
009936.png,15
009937.png,8
009938.png,9
009939.png,15
009940.png,3
009941.png,8
009942.png,12
009943.png,25
009944.png,12
009945.png,13
009946.png,6
009947.png,24
009948.png,26
009949.png,11
009950.png,9
009951.png,16
009952.png,10
009953.png,23
009954.png,10
009955.png,3
009956.png,12
009957.png,16
009958.png,17
009959.png,16
009960.png,9
009961.png,17
009962.png,8
009963.png,16
009964.png,12
009965.png,17
009966.png,10
009967.png,7
009968.png,12
009969.png,7
009970.png,5
009971.png,3
009972.png,12
009973.png,6
009974.png,10
009975.png,26
009976.png,8
009977.png,8
009978.png,17
009979.png,14
009980.png,17
009981.png,13
009982.png,9
009983.png,9
009984.png,12
009985.png,21
009986.png,13
009987.png,7
009988.png,9
009989.png,21
009990.png,18
009991.png,12
009992.png,15
009993.png,11
009994.png,8
009995.png,3
009996.png,14
009997.png,15
009998.png,14
009999.png,12
